Czas;Bieg wyciągu;Bieg nadmuchu;Odczyt dym;Odczyt tlenku węgla;Temperatura zewnętrzna;Temperatura góra;Temperatura pomieszczenie gospodarcze;Temperatura kuchnia;Temperatura łazienka;Ciśnienie kuchia;Ciśnienie łazienka;Wilgotność kuchnia;Wilgotność łazienka;Średnia temperatura bez góry;Średnia temperatura z góra;Średnia wilgotność;Koncentracja PM1p0 ;Koncentracja PM2p5 ;Koncentracja PM4p0 ;Koncentracja PM10p0 ;SEN54 temperatura ;SEN54 wilgotność;VOC index
26-02-2024 0:00;1;1;220;182;0.0;20.7;13.5;24.1;24.0;976.5;975.8;45.0;46.0;24.0;22.9;45.5;9.8;10.5;10.8;10.9;23.2;49.7;29.0
26-02-2024 3:00;1;1;206;180;-1.0;20.5;12.7;24.2;23.9;976.1;975.4;42.0;43.0;24.0;22.8;42.5;11.5;12.5;12.9;13.0;22.8;49.1;28.0
26-02-2024 6:00;1;1;197;176;-1.7;20.0;12.5;24.1;23.8;975.4;974.7;40.0;41.0;23.9;22.6;40.5;11.2;12.2;12.5;12.7;22.3;48.7;36.0
26-02-2024 9:00;2;2;211;153;4.7;20.2;14.5;24.1;24.6;975.9;975.2;39.0;41.0;24.3;22.9;40.0;15.7;16.8;17.1;17.2;22.2;48.9;142.0
26-02-2024 12:00;2;2;200;148;14.0;21.7;18.7;24.5;24.0;975.7;974.9;37.0;39.0;24.2;23.4;38.0;8.6;9.2;9.4;9.5;22.7;47.6;77.0
26-02-2024 15:00;2;2;192;140;14.2;22.0;19.2;24.5;23.8;975.5;974.8;37.0;38.0;24.1;23.4;37.5;4.6;4.9;5.0;5.0;23.1;45.2;41.0
26-02-2024 18:00;2;2;239;172;9.5;21.7;17.2;23.9;23.4;976.6;975.8;38.0;43.0;23.6;23.0;40.5;8.0;8.7;9.0;9.1;23.5;44.2;100.0
26-02-2024 21:00;1;1;232;180;7.0;22.5;16.5;23.8;23.5;978.1;977.4;40.0;43.0;23.6;23.2;41.5;8.8;9.4;9.4;9.5;24.5;43.8;100.0
27-02-2024 0:00;1;1;252;182;3.2;22.5;14.7;24.1;23.4;979.4;978.7;42.0;48.0;23.7;23.3;45.0;11.7;12.7;13.0;13.2;23.0;47.2;487.0
27-02-2024 3:00;1;1;228;182;2.2;22.2;14.0;23.5;23.5;980.0;979.2;42.0;43.0;23.5;23.0;42.5;16.1;17.3;17.6;17.7;22.6;47.9;321.0
27-02-2024 6:00;1;1;216;186;2.5;22.2;14.0;24.2;23.6;980.7;980.0;40.0;41.0;23.9;23.3;40.5;16.7;17.9;18.2;18.4;22.4;47.7;180.0
27-02-2024 9:00;1;1;217;174;6.5;22.2;15.5;24.0;24.0;981.8;981.1;40.0;43.0;24.0;23.4;41.5;16.2;17.3;17.5;17.5;22.4;49.2;204.0
27-02-2024 12:00;2;2;209;177;17.7;23.7;20.5;25.0;23.9;981.8;981.1;40.0;43.0;24.4;24.1;41.5;8.0;8.5;8.7;8.8;23.3;49.5;151.0
27-02-2024 15:00;2;2;212;182;17.5;24.2;21.0;25.2;23.8;981.5;980.8;39.0;43.0;24.5;24.4;41.0;7.9;8.5;8.7;8.7;24.5;47.3;150.0
27-02-2024 18:00;2;2;224;190;13.2;23.5;19.2;24.9;23.9;982.6;981.9;40.0;50.0;24.4;24.1;45.0;11.7;12.4;12.5;12.5;24.3;46.0;79.0
27-02-2024 21:00;2;2;228;182;10.0;23.2;18.0;25.4;23.8;983.9;983.1;44.0;42.0;24.5;24.1;43.0;43.4;47.5;49.2;50.0;23.9;47.6;379.0
28-02-2024 0:00;1;1;219;179;8.7;23.0;17.2;24.0;23.9;984.9;984.1;44.0;45.0;23.9;23.6;44.5;33.9;36.6;37.5;37.9;23.7;48.0;156.0
28-02-2024 3:00;1;1;214;185;7.2;22.7;16.5;23.9;23.8;984.9;984.2;43.0;44.0;23.8;23.4;43.5;27.6;29.4;29.9;30.1;23.4;48.7;82.0
28-02-2024 6:00;1;1;208;182;7.0;22.7;16.7;24.3;26.6;985.3;984.6;41.0;38.0;25.4;24.5;39.5;19.0;20.4;20.8;21.0;23.2;47.5;54.0
28-02-2024 9:00;1;1;218;171;9.2;22.7;17.2;24.6;25.3;986.3;985.6;41.0;42.0;24.9;24.2;41.5;20.1;21.4;21.6;21.7;23.3;47.9;117.0
28-02-2024 12:00;2;2;203;159;11.5;23.0;18.2;24.6;24.4;987.1;986.4;40.0;41.0;24.5;24.0;40.5;20.4;21.8;22.1;22.2;23.3;47.4;61.0
28-02-2024 15:00;2;2;198;155;11.2;23.0;18.2;24.5;24.2;987.7;986.9;40.0;40.0;24.3;23.9;40.0;26.3;28.4;29.1;29.4;23.6;46.9;48.0
28-02-2024 18:00;1;1;191;151;9.2;22.7;17.5;23.8;23.9;989.3;988.6;40.0;40.0;23.8;23.4;40.0;26.5;28.9;29.8;30.2;23.4;46.3;38.0
28-02-2024 21:00;1;1;180;138;8.0;22.2;16.7;23.7;23.5;990.0;989.2;39.0;39.0;23.6;23.1;39.0;27.2;29.3;29.9;30.2;23.0;46.2;23.0
29-02-2024 0:00;1;1;187;145;7.7;22.2;16.5;23.5;23.4;990.6;989.8;39.0;39.0;23.4;23.0;39.0;63.8;71.6;75.5;77.3;22.9;46.2;41.0
29-02-2024 3:00;1;1;181;141;7.2;22.2;16.2;23.6;23.5;990.4;989.6;39.0;39.0;23.5;23.1;39.0;28.5;31.6;33.0;33.7;22.8;45.9;44.0
29-02-2024 6:00;1;1;182;144;6.7;22.2;16.0;24.1;23.6;989.8;989.0;38.0;39.0;23.8;23.3;38.5;14.7;16.2;16.9;17.2;22.8;45.7;47.0
29-02-2024 9:00;1;1;178;142;8.5;22.2;16.5;23.9;23.5;989.9;989.0;38.0;39.0;23.7;23.1;38.5;9.9;10.8;11.2;11.4;22.8;45.6;51.0
29-02-2024 12:00;2;2;175;160;12.7;22.7;18.5;23.8;23.3;988.4;987.5;39.0;40.0;23.5;23.2;39.5;12.5;13.4;13.6;13.7;23.0;45.5;58.0
29-02-2024 15:00;2;2;177;157;13.7;24.0;19.2;24.5;23.6;986.5;985.7;38.0;40.0;24.0;24.0;39.0;12.6;13.4;13.5;13.6;24.1;45.0;74.0
29-02-2024 18:00;1;1;167;141;9.5;23.0;17.7;24.1;23.8;985.7;984.9;36.0;39.0;23.9;23.6;37.5;25.3;27.2;27.7;28.0;23.9;44.0;32.0
29-02-2024 21:00;1;1;164;148;6.0;22.7;16.0;23.7;23.2;984.7;983.9;39.0;36.0;23.4;23.2;37.5;27.7;29.4;29.8;29.9;23.4;43.7;40.0
01-03-2024 0:00;1;1;168;144;5.0;22.5;15.5;23.7;23.3;983.1;982.3;37.0;37.0;23.5;23.1;37.0;21.2;22.9;23.5;23.7;23.1;43.5;53.0
01-03-2024 3:00;1;1;168;144;4.2;22.2;15.0;24.1;23.4;981.3;980.5;36.0;37.0;23.7;23.2;36.5;25.2;27.1;27.6;27.8;22.9;43.7;67.0
01-03-2024 6:00;1;1;169;142;2.5;22.2;14.5;23.9;23.5;980.7;979.9;36.0;36.0;23.7;23.1;36.0;27.2;29.1;29.6;29.8;22.7;43.7;72.0
01-03-2024 9:00;1;1;174;145;6.0;22.2;15.5;23.6;23.7;980.4;979.6;36.0;37.0;23.6;23.1;36.5;26.1;27.7;28.0;28.1;22.6;43.6;77.0
01-03-2024 12:00;2;2;172;150;12.0;22.2;18.0;23.6;23.4;979.9;979.1;37.0;37.0;23.5;23.0;37.0;22.4;24.0;24.4;24.6;22.8;43.6;82.0
01-03-2024 15:00;2;2;171;145;13.5;22.5;19.0;23.5;23.2;979.1;978.3;37.0;37.0;23.3;23.0;37.0;17.5;18.8;19.3;19.5;23.1;43.4;93.0
01-03-2024 18:00;1;1;165;140;9.2;22.2;17.2;23.9;23.1;979.6;978.9;37.0;39.0;23.5;23.0;38.0;38.1;40.9;41.7;42.1;23.0;44.6;70.0
01-03-2024 21:00;1;1;166;139;8.0;22.2;16.5;23.5;23.3;979.9;979.1;38.0;39.0;23.4;23.0;38.5;33.2;35.4;35.9;36.1;22.7;44.6;53.0
02-03-2024 0:00;1;1;170;147;6.7;22.0;16.0;23.4;23.1;979.3;978.6;37.0;38.0;23.2;22.8;37.5;25.1;27.2;28.0;28.4;22.7;44.3;80.0
02-03-2024 3:00;1;1;218;203;5.2;22.0;15.2;23.3;22.9;978.9;978.2;39.0;43.0;23.0;22.7;41.0;20.3;21.7;22.1;22.3;22.5;45.2;410.0
02-03-2024 6:00;1;1;201;186;5.0;22.0;15.0;23.5;23.1;978.8;978.1;38.0;40.0;23.3;22.8;39.0;15.4;16.4;16.6;16.7;22.4;45.2;234.0
02-03-2024 9:00;1;1;194;179;7.5;22.0;16.0;23.5;23.2;979.8;979.0;38.0;39.0;23.3;22.9;38.5;14.0;14.8;14.9;15.0;22.5;45.3;172.0
02-03-2024 12:00;2;2;203;156;10.5;22.2;17.5;23.6;23.6;980.3;979.5;43.0;45.0;23.6;23.1;44.0;12.7;13.5;13.7;13.8;22.7;49.3;252.0
02-03-2024 15:00;2;2;221;181;11.2;22.2;17.7;23.8;23.6;979.8;979.0;51.0;48.0;23.7;23.1;49.5;12.3;13.1;13.3;13.4;23.0;51.5;467.0
02-03-2024 18:00;1;1;216;192;8.7;22.5;17.0;23.7;25.5;979.6;978.9;50.0;48.0;24.6;23.9;49.0;15.3;16.4;16.7;16.8;23.2;52.2;246.0
02-03-2024 21:00;1;1;228;184;6.0;22.5;16.0;23.8;26.5;979.6;978.8;51.0;45.0;25.1;24.2;48.0;16.8;17.9;18.2;18.3;23.2;52.4;174.0
03-03-2024 0:00;1;1;216;186;5.5;22.2;15.5;23.6;24.7;979.6;978.8;47.0;44.0;24.1;23.5;45.5;38.0;40.8;41.5;41.9;22.8;51.3;131.0
03-03-2024 3:00;1;1;203;181;5.7;22.2;15.5;23.6;24.0;979.2;978.4;46.0;44.0;23.8;23.2;45.0;23.1;24.9;25.4;25.7;22.8;50.7;101.0
03-03-2024 6:00;1;1;193;177;3.0;22.2;14.5;23.9;23.9;978.8;978.0;43.0;43.0;23.9;23.3;43.0;17.9;19.1;19.4;19.5;22.5;51.5;82.0
03-03-2024 9:00;1;1;189;177;9.7;22.2;17.0;24.0;23.8;979.0;978.2;42.0;43.0;23.9;23.3;42.5;13.0;13.8;14.0;14.0;22.6;49.3;65.0
03-03-2024 12:00;2;2;171;143;14.2;22.7;19.0;23.9;23.5;978.1;977.3;43.0;38.0;23.7;23.3;40.5;11.3;12.2;12.5;12.6;23.0;47.3;45.0
03-03-2024 15:00;2;2;162;136;15.0;23.5;19.7;24.3;23.8;976.4;975.7;34.0;36.0;24.0;23.8;35.0;9.3;9.8;9.9;9.9;24.0;42.5;20.0
03-03-2024 18:00;2;2;176;145;12.2;23.0;18.5;23.8;23.4;976.5;975.8;38.0;40.0;23.5;23.4;39.0;14.0;14.9;15.2;15.3;23.7;44.1;55.0
03-03-2024 21:00;2;2;203;157;10.2;23.0;17.7;24.4;23.5;976.9;976.2;39.0;54.0;23.9;23.6;46.5;12.3;13.2;13.4;13.5;23.6;46.0;117.0
04-03-2024 0:00;1;1;189;164;8.0;22.7;16.7;23.6;23.4;976.8;976.0;41.0;44.0;23.5;23.2;42.5;14.3;15.4;15.7;15.8;23.3;45.7;73.0
04-03-2024 3:00;1;1;191;163;3.2;22.5;14.7;24.1;23.5;976.4;975.7;39.0;41.0;23.8;23.3;40.0;12.7;13.6;13.8;14.0;23.1;46.5;79.0
04-03-2024 6:00;1;1;179;164;3.5;22.5;14.7;24.2;23.5;976.5;975.7;38.0;40.0;23.8;23.4;39.0;10.6;11.4;11.7;11.8;22.8;45.8;65.0
04-03-2024 9:00;2;2;194;158;10.7;22.2;17.2;24.3;24.1;977.1;976.4;39.0;43.0;24.2;23.5;41.0;13.3;14.0;14.1;14.2;22.7;47.4;238.0
04-03-2024 12:00;2;2;181;152;16.0;23.2;19.7;24.6;23.6;976.6;975.9;38.0;40.0;24.1;23.8;39.0;9.2;9.7;9.8;9.9;23.2;46.7;141.0
04-03-2024 15:00;2;2;177;143;15.0;23.0;19.7;24.2;23.5;976.0;975.3;38.0;40.0;23.8;23.5;39.0;7.2;7.6;7.6;7.6;23.6;44.5;84.0
04-03-2024 18:00;2;2;224;216;10.7;22.7;18.0;24.0;23.4;976.8;976.0;38.0;41.0;23.7;23.3;39.5;44.2;47.4;48.2;48.6;23.5;44.5;405.0
04-03-2024 21:00;1;1;192;170;9.0;22.7;17.0;24.2;23.4;977.6;976.8;40.0;42.0;23.8;23.4;41.0;26.6;28.6;29.2;29.4;23.3;46.1;129.0
05-03-2024 0:00;1;1;188;172;8.0;22.7;16.7;24.0;23.4;978.0;977.2;41.0;46.0;23.7;23.3;43.5;24.4;26.4;27.0;27.2;23.3;46.3;88.0
05-03-2024 3:00;1;1;184;172;6.0;22.5;15.7;23.9;23.5;978.6;977.8;41.0;43.0;23.7;23.3;42.0;16.3;17.4;17.6;17.8;23.1;46.2;67.0
05-03-2024 6:00;1;1;186;173;5.5;22.5;15.5;24.2;23.7;979.7;979.0;40.0;41.0;23.9;23.4;40.5;9.6;10.3;10.6;10.7;23.0;46.4;63.0
05-03-2024 9:00;1;1;192;156;5.5;22.5;15.5;24.2;24.0;981.4;980.7;40.0;43.0;24.1;23.5;41.5;12.2;13.1;13.4;13.5;23.0;47.0;227.0
05-03-2024 12:00;1;1;186;149;6.7;22.5;16.0;24.3;23.9;982.7;982.0;39.0;41.0;24.0;23.5;40.0;14.6;16.0;16.5;16.8;23.0;46.1;99.0
05-03-2024 15:00;1;1;178;145;7.5;23.0;16.5;24.5;23.9;983.4;982.6;40.0;40.0;24.2;23.8;40.0;17.6;18.8;19.1;19.3;23.2;45.4;59.0
05-03-2024 18:00;1;1;188;148;6.2;22.7;16.0;24.2;24.4;985.4;984.7;40.0;41.0;24.3;23.7;40.5;12.2;13.2;13.5;13.7;23.2;44.6;58.0
05-03-2024 21:00;1;1;185;156;4.5;22.7;15.2;24.5;23.8;986.4;985.6;41.0;39.0;24.1;23.6;40.0;16.2;17.4;17.7;17.9;23.1;46.3;95.0
06-03-2024 0:00;1;1;177;157;1.7;22.2;14.0;23.9;23.4;987.3;986.5;37.0;50.0;23.6;23.1;43.5;22.1;23.9;24.4;24.6;22.7;44.5;44.0
06-03-2024 3:00;1;1;179;161;0.5;22.2;13.5;23.6;23.4;987.9;987.1;39.0;40.0;23.5;23.0;39.5;13.1;14.1;14.5;14.7;22.5;45.5;60.0
06-03-2024 6:00;1;1;179;163;0.0;22.0;13.2;23.7;23.3;988.4;987.6;38.0;39.0;23.5;23.0;38.5;10.0;10.5;10.5;10.5;22.3;44.9;49.0
06-03-2024 9:00;1;1;197;159;2.0;22.0;13.7;23.9;24.1;989.0;988.2;37.0;40.0;24.0;23.3;38.5;15.3;16.5;16.9;17.1;22.2;46.0;425.0
06-03-2024 12:00;1;1;186;147;2.7;22.0;14.2;23.5;23.6;989.1;988.3;37.0;37.0;23.5;23.0;37.0;14.2;15.2;15.5;15.6;22.2;45.1;178.0
06-03-2024 15:00;1;1;173;140;3.2;21.7;14.5;23.5;23.5;988.8;988.0;36.0;36.0;23.5;22.9;36.0;15.5;16.7;17.0;17.2;22.2;43.4;82.0
06-03-2024 18:00;1;1;210;169;3.7;22.0;14.5;23.8;23.3;989.2;988.4;37.0;41.0;23.5;23.0;39.0;20.6;22.3;23.0;23.3;22.1;45.4;346.0
06-03-2024 21:00;1;1;198;159;3.0;22.0;14.2;23.6;23.3;990.2;989.5;43.0;56.0;23.4;22.9;49.5;8.1;8.7;8.8;8.9;22.1;48.2;174.0
07-03-2024 0:00;1;1;189;164;2.7;21.7;14.0;23.2;23.2;990.7;989.9;44.0;45.0;23.2;22.7;44.5;8.3;9.0;9.2;9.3;22.0;48.1;103.0
07-03-2024 3:00;1;1;185;165;2.2;21.7;13.7;23.4;23.1;990.5;989.7;42.0;44.0;23.2;22.7;43.0;8.3;9.0;9.2;9.3;21.9;50.1;94.0
07-03-2024 6:00;1;1;184;166;1.5;21.7;13.5;23.4;23.0;990.8;990.1;41.0;42.0;23.2;22.6;41.5;7.9;8.5;8.7;8.8;21.8;47.6;51.0
07-03-2024 9:00;1;1;197;160;1.5;21.5;13.2;23.5;23.9;991.5;990.6;40.0;41.0;23.7;22.9;40.5;10.8;11.5;11.7;11.8;21.7;48.5;257.0
07-03-2024 12:00;1;1;183;151;2.2;21.5;13.5;23.0;23.5;992.1;991.3;39.0;39.0;23.2;22.6;39.0;10.3;10.8;10.8;10.8;21.7;47.3;94.0
07-03-2024 15:00;1;1;185;155;3.2;21.7;14.2;23.7;23.4;991.9;991.1;36.0;38.0;23.5;22.9;37.0;10.3;10.8;10.9;10.9;21.8;44.2;82.0
07-03-2024 18:00;1;1;186;146;2.5;21.7;13.7;23.6;23.4;992.1;991.3;35.0;37.0;23.5;22.9;36.0;11.0;12.0;12.4;12.6;21.8;43.5;67.0
07-03-2024 21:00;1;1;185;292;-0.5;21.7;12.5;23.5;23.6;992.5;991.7;36.0;37.0;23.5;22.9;36.5;12.3;13.1;13.3;13.4;21.7;44.2;135.0
08-03-2024 0:00;1;1;187;253;-2.0;21.7;12.0;23.0;25.1;991.9;991.1;38.0;36.0;24.0;23.2;37.0;15.9;17.1;17.4;17.5;21.6;45.7;89.0
08-03-2024 3:00;1;1;180;242;-3.0;21.5;11.5;23.3;23.6;991.2;990.3;36.0;35.0;23.4;22.8;35.5;15.3;16.3;16.6;16.7;21.3;45.8;64.0
08-03-2024 6:00;1;1;175;226;-0.5;21.2;12.2;23.1;23.5;990.9;990.0;35.0;36.0;23.3;22.6;35.5;12.3;13.3;13.6;13.8;21.2;43.9;44.0
08-03-2024 9:00;1;1;200;190;0.0;21.2;12.5;22.7;23.7;991.1;990.3;37.0;41.0;23.2;22.5;39.0;12.3;13.0;13.1;13.1;21.2;46.5;446.0
08-03-2024 12:00;1;1;203;150;4.5;22.7;14.7;24.1;23.6;990.1;989.4;36.0;40.0;23.8;23.4;38.0;8.9;9.6;9.8;9.9;22.1;46.8;100.0
08-03-2024 15:00;1;1;185;140;6.5;23.7;16.2;24.4;23.7;988.6;987.8;34.0;38.0;24.0;23.9;36.0;11.4;12.2;12.4;12.5;23.6;42.9;39.0
08-03-2024 18:00;1;1;184;134;2.7;23.0;14.5;24.4;23.4;988.2;987.4;34.0;35.0;23.9;23.6;34.5;14.4;15.2;15.3;15.4;23.5;41.4;30.0
08-03-2024 21:00;1;1;204;186;-1.7;22.2;12.5;23.9;24.7;987.9;987.2;35.0;67.0;24.3;23.6;51.0;24.8;26.7;27.3;27.6;22.5;41.0;121.0
09-03-2024 0:00;1;1;194;169;-3.0;21.7;11.7;23.6;23.2;986.9;986.1;35.0;38.0;23.4;22.8;36.5;21.7;23.4;23.9;24.2;22.0;43.2;64.0
09-03-2024 3:00;1;1;191;171;-4.0;21.7;11.0;23.4;23.1;985.9;985.1;36.0;37.0;23.2;22.7;36.5;27.4;29.7;30.4;30.7;21.7;45.9;52.0
09-03-2024 6:00;1;1;190;172;-4.7;21.5;10.7;23.5;23.8;985.3;984.5;36.0;37.0;23.6;22.9;36.5;30.7;33.4;34.4;34.8;21.4;45.2;45.0
09-03-2024 9:00;1;1;195;145;3.5;21.5;13.7;23.7;23.1;985.1;984.3;36.0;36.0;23.4;22.7;36.0;23.2;24.9;25.4;25.6;21.4;46.0;45.0
09-03-2024 12:00;2;2;198;144;10.5;23.2;17.2;24.6;23.6;983.6;982.8;36.0;35.0;24.1;23.8;35.5;14.2;15.2;15.4;15.5;22.3;45.6;325.0
09-03-2024 15:00;2;2;192;167;10.7;24.2;18.0;24.9;23.6;982.0;981.3;35.0;37.0;24.2;24.2;36.0;11.3;12.2;12.5;12.6;24.0;43.4;169.0
09-03-2024 18:00;1;1;182;155;8.0;23.0;16.7;24.4;25.0;981.2;980.3;35.0;36.0;24.7;24.1;35.5;12.2;13.3;13.6;13.8;23.5;41.8;73.0
09-03-2024 21:00;1;1;177;160;5.0;22.5;15.2;24.0;24.1;981.0;980.2;36.0;35.0;24.0;23.5;35.5;10.9;11.9;12.3;12.4;23.0;41.7;48.0
10-03-2024 0:00;1;1;180;164;6.0;22.2;15.5;24.0;23.9;980.5;979.7;35.0;46.0;23.9;23.3;40.5;17.3;18.8;19.4;19.7;22.8;42.4;63.0
10-03-2024 3:00;1;1;175;164;3.7;22.2;14.7;23.8;23.4;979.6;978.8;35.0;37.0;23.5;23.1;36.0;13.2;14.3;14.8;15.0;22.6;41.7;50.0
10-03-2024 6:00;1;1;171;161;2.5;22.0;13.7;23.7;23.4;978.8;978.0;35.0;36.0;23.5;23.0;35.5;11.5;12.4;12.6;12.7;22.3;43.0;55.0
10-03-2024 9:00;1;1;195;159;8.2;22.2;16.2;24.9;23.4;978.1;977.3;34.0;35.0;24.1;23.5;34.5;14.3;15.2;15.4;15.5;22.3;43.4;301.0
10-03-2024 12:00;2;2;203;140;13.2;23.0;18.7;25.6;23.8;977.3;976.5;32.0;36.0;24.7;24.1;34.0;10.8;11.5;11.6;11.7;22.9;43.1;437.0
10-03-2024 15:00;2;2;210;163;14.2;23.2;19.2;25.0;24.6;976.0;975.2;38.0;39.0;24.8;24.2;38.5;6.3;6.8;6.9;6.9;23.7;43.6;238.0
10-03-2024 18:00;2;2;190;159;10.7;23.0;18.0;24.2;23.4;976.3;975.5;35.0;37.0;23.8;23.5;36.0;9.3;10.0;10.3;10.4;23.6;43.5;155.0
10-03-2024 21:00;1;1;208;171;8.0;22.5;16.5;23.6;23.5;976.5;975.6;39.0;40.0;23.5;23.1;39.5;7.5;8.0;8.1;8.1;23.3;42.8;103.0
11-03-2024 0:00;1;1;198;174;7.7;22.5;16.2;23.8;23.5;975.8;975.0;38.0;43.0;23.6;23.2;40.5;7.6;8.1;8.1;8.2;23.1;43.5;83.0
11-03-2024 3:00;1;1;185;173;7.2;22.5;16.2;23.8;23.7;974.8;974.1;38.0;39.0;23.7;23.3;38.5;6.3;6.9;7.1;7.1;22.9;44.2;77.0
11-03-2024 6:00;1;1;185;176;7.2;22.5;16.2;23.6;23.6;975.1;974.3;38.0;38.0;23.6;23.2;38.0;4.9;5.2;5.2;5.2;22.9;43.6;57.0
11-03-2024 9:00;1;1;188;175;8.7;22.5;16.7;24.2;24.1;976.4;975.7;37.0;41.0;24.1;23.6;39.0;10.7;11.3;11.4;11.4;22.9;45.3;205.0
11-03-2024 12:00;2;2;182;166;13.2;23.2;18.7;24.7;23.8;976.3;975.5;37.0;41.0;24.2;23.9;39.0;7.7;8.1;8.1;8.1;23.4;46.2;174.0
11-03-2024 15:00;2;2;175;141;12.0;23.2;18.5;24.5;24.0;976.5;975.7;37.0;42.0;24.2;23.9;39.5;7.2;7.7;7.7;7.8;23.7;44.9;86.0
11-03-2024 18:00;1;1;171;147;9.2;22.7;17.2;24.4;23.6;976.8;976.0;38.0;40.0;24.0;23.5;39.0;11.5;12.1;12.1;12.1;23.5;44.8;43.0
11-03-2024 21:00;1;1;190;157;7.5;22.7;16.5;24.2;23.7;977.4;976.5;40.0;40.0;23.9;23.5;40.0;13.7;14.6;14.8;14.9;23.4;44.7;67.0
12-03-2024 0:00;1;1;183;166;7.0;22.7;16.2;24.1;23.5;977.4;976.5;40.0;45.0;23.8;23.4;42.5;14.6;15.6;15.8;15.9;23.2;45.6;62.0
12-03-2024 3:00;1;1;179;165;6.5;22.5;15.7;23.9;23.5;977.0;976.1;40.0;41.0;23.7;23.3;40.5;9.9;10.3;10.3;10.3;23.0;45.3;57.0
12-03-2024 6:00;1;1;190;169;6.2;22.5;16.0;24.0;23.6;977.2;976.4;39.0;40.0;23.8;23.3;39.5;8.8;9.4;9.5;9.6;22.9;45.6;59.0
12-03-2024 9:00;1;1;211;161;7.2;22.5;16.2;24.0;24.1;978.4;977.5;40.0;42.0;24.0;23.5;41.0;18.4;22.6;25.3;26.6;23.0;46.9;481.0
12-03-2024 12:00;1;1;191;153;8.2;22.7;16.5;24.2;24.0;979.1;978.4;39.0;40.0;24.1;23.6;39.5;12.1;13.0;13.2;13.4;23.0;46.5;240.0
12-03-2024 15:00;1;1;179;144;8.0;22.7;16.7;24.2;23.9;979.6;978.8;39.0;40.0;24.0;23.6;39.5;11.6;12.6;12.9;13.0;23.2;45.5;110.0
12-03-2024 18:00;1;1;205;172;7.5;22.5;16.2;24.2;23.7;980.6;979.8;39.0;41.0;23.9;23.4;40.0;10.8;11.6;11.7;11.8;23.0;45.4;146.0
12-03-2024 21:00;1;1;194;161;6.7;22.5;16.0;23.8;23.8;981.6;980.8;41.0;42.0;23.8;23.3;41.5;9.5;10.2;10.4;10.5;22.9;46.0;117.0
13-03-2024 0:00;1;1;187;153;6.2;22.2;15.7;23.6;23.7;982.5;981.6;44.0;45.0;23.6;23.1;44.5;6.8;7.2;7.2;7.3;22.8;47.5;75.0
13-03-2024 3:00;1;1;189;161;6.0;22.2;15.5;23.4;23.5;982.8;982.0;44.0;44.0;23.4;23.0;44.0;4.4;4.7;4.7;4.7;22.7;48.2;79.0
13-03-2024 6:00;1;1;187;161;5.7;22.2;15.5;23.4;23.5;983.4;982.6;42.0;42.0;23.4;23.0;42.0;4.2;4.4;4.4;4.4;22.6;47.4;56.0
13-03-2024 9:00;1;1;201;159;6.0;22.2;15.5;23.8;24.0;984.5;983.8;41.0;42.0;23.9;23.3;41.5;10.9;11.6;11.8;11.8;22.6;48.5;400.0
13-03-2024 12:00;1;1;186;151;6.5;22.2;15.7;23.6;23.8;985.6;984.8;41.0;42.0;23.7;23.2;41.5;12.2;13.2;13.6;13.7;22.5;48.2;159.0
13-03-2024 15:00;2;2;178;151;10.2;22.7;17.2;24.3;23.9;985.3;984.6;39.0;41.0;24.0;23.6;40.0;10.9;11.7;12.0;12.1;23.0;46.7;76.0
13-03-2024 18:00;1;1;181;150;6.5;22.5;16.0;24.1;23.6;986.1;985.3;39.0;40.0;23.8;23.4;39.5;12.5;13.3;13.5;13.6;23.0;45.2;67.0
13-03-2024 21:00;1;1;198;166;3.2;22.5;14.7;23.8;23.6;986.6;985.8;41.0;37.0;23.7;23.3;39.0;27.6;29.8;30.5;30.9;22.8;47.6;114.0
14-03-2024 0:00;1;1;178;151;3.5;22.2;14.5;23.8;23.5;986.7;985.8;39.0;45.0;23.6;23.1;42.0;36.9;39.5;40.2;40.6;22.6;45.3;37.0
14-03-2024 3:00;1;1;175;160;3.7;22.2;14.5;23.8;23.3;986.0;985.2;39.0;41.0;23.5;23.1;40.0;25.0;26.7;27.1;27.3;22.5;45.1;45.0
14-03-2024 6:00;1;1;178;159;3.0;22.0;14.2;23.5;23.3;986.2;985.4;39.0;40.0;23.4;22.9;39.5;19.5;20.7;21.0;21.1;22.4;45.6;53.0
14-03-2024 9:00;1;1;200;172;5.2;22.0;15.0;23.5;23.7;986.9;986.1;37.0;39.0;23.6;23.0;38.0;22.1;23.4;23.6;23.7;22.2;44.6;368.0
14-03-2024 12:00;2;2;184;159;10.2;22.7;17.2;24.6;23.7;986.5;985.8;36.0;40.0;24.1;23.6;38.0;13.3;14.2;14.5;14.6;22.8;46.0;194.0
14-03-2024 15:00;2;2;186;160;10.5;23.0;17.7;25.7;23.7;985.8;985.1;38.0;49.0;24.7;24.1;43.5;9.9;10.7;11.0;11.1;23.0;46.0;141.0
14-03-2024 18:00;1;1;196;154;6.0;22.7;15.7;24.2;23.5;985.8;985.0;38.0;41.0;23.8;23.4;39.5;12.2;13.0;13.3;13.4;23.2;43.9;136.0
14-03-2024 21:00;1;1;189;165;2.0;22.2;14.0;23.8;23.5;985.9;985.1;38.0;39.0;23.6;23.1;38.5;13.8;14.9;15.2;15.3;22.9;43.6;95.0
15-03-2024 0:00;1;1;188;167;-0.7;22.2;12.7;23.7;23.5;985.5;984.6;38.0;43.0;23.6;23.1;40.5;12.0;12.9;13.2;13.3;22.5;44.5;76.0
15-03-2024 3:00;1;1;175;166;-1.5;22.0;12.5;23.4;23.3;984.7;984.0;37.0;38.0;23.3;22.9;37.5;13.5;14.5;14.7;14.8;22.2;44.7;73.0
15-03-2024 6:00;1;1;180;166;-2.7;21.7;12.0;23.7;23.4;984.7;983.8;36.0;36.0;23.5;22.9;36.0;18.4;19.7;20.0;20.1;21.9;45.2;66.0
15-03-2024 9:00;1;1;196;160;6.5;22.0;15.2;23.9;24.1;984.9;984.1;36.0;40.0;24.0;23.3;38.0;21.7;23.1;23.4;23.5;21.9;45.5;441.0
15-03-2024 12:00;2;2;179;149;12.7;23.0;18.2;24.2;23.7;983.9;983.2;35.0;37.0;23.9;23.6;36.0;13.1;13.9;14.1;14.2;22.8;44.5;181.0
15-03-2024 15:00;2;2;186;151;14.7;24.0;19.7;25.1;23.9;982.9;982.1;33.0;36.0;24.5;24.3;34.5;13.4;14.4;14.6;14.7;23.9;41.9;360.0
15-03-2024 18:00;2;2;184;174;10.2;23.2;17.7;24.6;23.7;982.8;982.0;40.0;40.0;24.1;23.8;40.0;11.4;12.2;12.3;12.4;23.8;41.4;126.0
15-03-2024 21:00;1;1;184;158;7.7;22.7;16.5;24.8;23.5;983.0;982.2;35.0;36.0;24.1;23.6;35.5;72.6;80.0;83.1;84.6;23.4;43.0;356.0
16-03-2024 0:00;1;1;180;160;5.7;22.5;15.7;24.1;23.6;983.1;982.3;40.0;44.0;23.8;23.4;42.0;21.1;22.7;23.2;23.5;23.3;44.1;99.0
16-03-2024 3:00;1;1;180;164;4.2;22.5;14.7;23.8;23.5;982.8;981.9;40.0;41.0;23.6;23.2;40.5;13.3;14.3;14.5;14.7;23.0;45.8;97.0
16-03-2024 6:00;1;1;174;164;4.0;22.5;14.7;23.7;23.5;982.9;982.1;39.0;39.0;23.6;23.2;39.0;12.1;13.0;13.3;13.4;22.8;44.4;55.0
16-03-2024 9:00;2;2;175;157;10.7;22.5;17.5;24.6;23.5;984.0;983.2;35.0;36.0;24.0;23.5;35.5;21.2;22.6;22.9;23.1;22.7;48.3;169.0
16-03-2024 12:00;2;2;234;151;15.5;23.7;20.0;26.0;23.7;983.5;982.7;37.0;39.0;24.8;24.4;38.0;10.5;11.2;11.3;11.4;23.6;47.7;498.0
16-03-2024 15:00;2;2;222;160;15.2;23.5;20.2;24.3;26.7;983.0;982.2;37.0;33.0;25.5;24.8;35.0;4.3;4.5;4.5;4.5;24.2;45.2;445.0
16-03-2024 18:00;2;2;201;179;11.5;23.2;18.5;24.2;24.9;983.7;982.9;43.0;43.0;24.5;24.1;43.0;4.8;5.0;5.0;5.0;24.2;45.7;233.0
16-03-2024 21:00;1;1;202;178;9.2;23.2;17.5;25.1;24.1;984.9;984.0;43.0;45.0;24.6;24.1;44.0;7.4;7.9;8.0;8.0;24.0;45.9;143.0
17-03-2024 0:00;1;1;193;175;8.7;23.0;17.2;24.3;24.0;986.2;985.5;43.0;48.0;24.1;23.7;45.5;9.9;10.4;10.5;10.6;23.8;47.5;105.0
17-03-2024 3:00;1;1;194;177;5.2;23.0;15.7;24.3;24.0;988.3;987.6;42.0;44.0;24.1;23.7;43.0;3.2;3.4;3.4;3.5;23.5;47.2;79.0
17-03-2024 6:00;1;1;187;173;3.2;22.7;14.7;24.4;24.1;990.0;989.2;40.0;42.0;24.2;23.7;41.0;1.9;2.0;2.0;2.0;23.2;47.0;67.0
17-03-2024 9:00;1;1;187;171;5.2;22.7;15.7;24.2;24.7;990.9;990.1;39.0;40.0;24.4;23.8;39.5;2.1;2.2;2.2;2.2;23.1;45.7;49.0
17-03-2024 12:00;1;1;170;148;7.5;23.5;16.5;25.1;24.4;990.0;989.2;40.0;41.0;24.7;24.3;40.5;2.3;2.4;2.4;2.4;23.3;46.0;55.0
17-03-2024 15:00;1;1;173;153;8.0;24.0;17.2;25.3;24.3;988.7;988.0;36.0;39.0;24.8;24.5;37.5;2.4;2.7;2.9;3.0;24.1;44.2;59.0
17-03-2024 18:00;1;1;179;145;5.0;23.7;16.0;24.9;24.2;989.1;988.3;34.0;36.0;24.5;24.2;35.0;2.4;2.6;2.6;2.6;24.1;42.0;59.0
17-03-2024 21:00;1;1;184;156;3.2;23.0;15.0;24.8;24.0;989.4;988.6;35.0;42.0;24.4;23.9;38.5;4.0;4.4;4.5;4.5;23.5;41.2;47.0
18-03-2024 0:00;1;1;174;162;2.2;22.7;14.2;24.1;23.8;988.8;988.1;34.0;36.0;23.9;23.5;35.0;2.8;3.0;3.0;3.0;23.0;40.6;40.0
18-03-2024 3:00;1;1;169;160;1.5;22.5;13.7;24.2;23.8;987.8;987.1;33.0;34.0;24.0;23.5;33.5;1.7;1.9;1.9;1.9;22.6;42.0;54.0
18-03-2024 6:00;1;1;166;148;-0.2;22.2;13.2;23.7;23.8;987.7;987.0;33.0;33.0;23.7;23.2;33.0;1.8;1.9;1.9;1.9;22.5;40.5;48.0
18-03-2024 9:00;1;1;182;154;1.2;22.2;13.5;23.9;24.6;988.2;987.5;33.0;36.0;24.2;23.5;34.5;4.9;6.2;7.1;7.5;22.3;41.8;313.0
18-03-2024 12:00;1;1;173;153;2.5;22.2;14.2;23.6;24.0;987.6;986.8;33.0;31.0;23.8;23.2;32.0;2.9;3.1;3.1;3.1;22.4;40.7;151.0
18-03-2024 15:00;1;1;165;148;3.2;22.5;14.7;24.2;23.9;986.6;985.9;31.0;30.0;24.0;23.5;30.5;4.8;5.0;5.1;5.1;22.7;39.1;81.0
18-03-2024 18:00;1;1;198;273;2.2;22.2;14.0;24.2;23.9;987.4;986.6;31.0;32.0;24.0;23.4;31.5;6.7;7.0;7.0;7.0;22.5;39.5;298.0
18-03-2024 21:00;1;1;185;196;1.5;22.2;13.5;23.9;24.6;988.2;987.4;33.0;36.0;24.2;23.5;34.5;6.6;7.0;7.1;7.1;22.5;40.0;143.0
19-03-2024 0:00;1;1;182;198;0.7;22.2;13.2;23.6;23.8;988.5;987.8;34.0;44.0;23.7;23.2;39.0;5.5;5.8;5.8;5.8;22.2;42.5;89.0
19-03-2024 3:00;1;1;177;184;0.7;22.0;13.2;23.8;23.5;988.6;987.8;34.0;36.0;23.6;23.1;35.0;5.4;5.6;5.6;5.6;22.1;42.2;89.0
19-03-2024 6:00;1;1;176;180;1.0;22.0;13.2;23.7;23.4;989.8;988.9;34.0;35.0;23.5;23.0;34.5;5.8;6.1;6.1;6.1;21.9;41.2;55.0
19-03-2024 9:00;1;1;198;177;3.7;22.0;14.2;23.5;24.2;991.0;990.2;34.0;38.0;23.8;23.2;36.0;13.8;15.1;15.7;15.9;21.9;42.0;376.0
19-03-2024 12:00;1;1;183;155;5.7;22.5;15.2;23.9;24.1;991.3;990.4;33.0;36.0;24.0;23.5;34.5;7.2;7.6;7.7;7.7;22.4;41.2;179.0
19-03-2024 15:00;1;1;180;148;8.0;23.7;16.7;25.1;24.0;990.6;989.7;32.0;36.0;24.5;24.2;34.0;4.9;5.2;5.3;5.3;23.6;40.8;107.0
19-03-2024 18:00;1;1;188;166;4.5;22.7;15.2;24.2;23.5;991.1;990.2;27.0;30.0;23.8;23.4;28.5;6.5;6.9;7.0;7.0;23.6;36.4;204.0
19-03-2024 21:00;1;1;179;153;-0.7;22.7;13.0;24.3;23.4;992.5;991.7;30.0;33.0;23.8;23.4;31.5;10.2;11.0;11.2;11.3;23.2;38.5;81.0
20-03-2024 0:00;1;1;180;156;-2.7;22.0;12.0;23.6;23.3;992.3;991.4;33.0;35.0;23.4;22.9;34.0;8.7;9.4;9.7;9.8;22.5;38.6;44.0
20-03-2024 3:00;1;1;174;159;-4.0;22.0;11.2;23.4;23.3;991.4;990.5;33.0;34.0;23.3;22.9;33.5;15.8;17.2;17.8;18.1;22.1;40.0;57.0
20-03-2024 6:00;1;1;172;162;-4.7;21.7;10.7;23.0;23.4;991.5;990.7;33.0;33.0;23.2;22.6;33.0;13.3;14.3;14.5;14.6;21.7;40.9;59.0
20-03-2024 9:00;1;1;183;153;4.7;22.0;14.2;23.8;23.9;991.9;991.1;32.0;35.0;23.8;23.2;33.5;23.1;25.1;25.8;26.2;21.8;41.6;307.0
20-03-2024 12:00;2;2;170;148;10.2;23.0;17.0;24.2;23.8;990.9;989.9;31.0;32.0;24.0;23.6;31.5;14.8;15.7;15.9;16.0;22.5;40.2;133.0
20-03-2024 15:00;2;2;165;143;12.7;23.7;18.7;24.8;23.8;989.4;988.5;30.0;31.0;24.3;24.1;30.5;11.3;12.0;12.2;12.3;23.7;38.4;90.0
20-03-2024 18:00;1;1;181;200;8.5;23.0;17.0;24.1;23.4;989.3;988.4;27.0;29.0;23.7;23.5;28.0;14.8;15.9;16.2;16.3;23.6;35.4;167.0
20-03-2024 21:00;1;1;182;151;3.7;22.7;15.0;24.2;23.7;990.0;989.1;32.0;34.0;23.9;23.5;33.0;25.6;28.0;29.0;29.5;23.1;36.7;62.0
21-03-2024 0:00;1;1;181;156;1.2;22.5;13.7;23.7;23.5;989.9;988.9;33.0;37.0;23.6;23.2;35.0;17.2;18.4;18.8;19.0;22.9;38.7;64.0
21-03-2024 3:00;1;1;174;162;-0.7;22.2;12.7;23.6;23.5;989.1;988.2;33.0;34.0;23.5;23.1;33.5;16.1;17.4;17.8;18.0;22.5;39.3;64.0
21-03-2024 6:00;1;1;170;158;-2.0;22.0;12.0;23.5;23.5;989.5;988.6;33.0;33.0;23.5;23.0;33.0;16.6;17.9;18.4;18.6;22.2;40.3;70.0
21-03-2024 9:00;1;1;186;155;7.0;22.2;15.5;24.0;24.4;989.5;988.7;34.0;37.0;24.2;23.5;35.5;17.3;18.4;18.7;18.8;22.2;42.5;458.0
21-03-2024 12:00;2;2;173;158;12.7;23.0;18.2;24.3;23.9;988.6;987.8;32.0;34.0;24.0;23.7;33.0;16.9;18.1;18.3;18.4;22.9;40.3;237.0
21-03-2024 15:00;2;2;177;141;15.7;24.2;20.0;25.1;24.1;987.1;986.3;32.0;33.0;24.6;24.4;32.5;8.0;8.7;8.9;8.9;24.3;39.2;158.0
21-03-2024 18:00;2;2;172;167;10.7;23.5;18.0;24.5;23.8;986.9;986.1;30.0;31.0;24.1;23.9;30.5;14.4;15.4;15.7;15.8;24.3;36.0;79.0
21-03-2024 21:00;1;1;205;174;8.7;23.0;17.0;24.3;23.9;987.8;986.9;31.0;34.0;24.0;23.7;32.5;17.9;19.3;19.7;19.9;23.8;36.8;358.0
22-03-2024 0:00;1;1;200;208;8.2;23.0;16.7;24.1;23.6;987.9;987.0;38.0;43.0;23.8;23.5;40.5;19.2;21.0;21.7;22.1;23.6;40.9;276.0
22-03-2024 3:00;1;1;191;192;9.5;22.7;17.2;24.1;23.7;987.8;987.0;36.0;38.0;23.9;23.5;37.0;12.1;13.1;13.4;13.6;23.4;41.0;159.0
22-03-2024 6:00;1;1;188;188;8.5;22.7;16.7;24.3;23.7;987.7;986.8;35.0;37.0;24.0;23.5;36.0;8.5;9.1;9.2;9.2;23.3;41.5;117.0
22-03-2024 9:00;1;1;208;219;9.0;22.5;17.0;23.9;23.7;987.6;986.8;38.0;40.0;23.8;23.3;39.0;11.3;12.3;12.6;12.8;23.2;42.6;439.0
22-03-2024 12:00;2;2;192;168;11.2;22.7;17.7;23.9;23.6;986.7;985.9;37.0;47.0;23.7;23.4;42.0;8.1;8.6;8.7;8.8;23.2;42.4;222.0
22-03-2024 15:00;2;2;188;160;11.5;23.2;18.2;24.4;23.6;984.8;984.0;38.0;44.0;24.0;23.7;41.0;2.7;2.9;2.9;2.9;23.6;43.4;172.0
22-03-2024 18:00;1;1;190;147;9.2;23.0;17.2;24.4;23.5;983.8;982.9;37.0;40.0;23.9;23.6;38.5;8.0;8.4;8.4;8.4;23.5;42.7;110.0
22-03-2024 21:00;1;1;199;176;9.5;22.7;17.2;24.4;23.6;982.1;981.2;37.0;39.0;24.0;23.5;38.0;14.1;15.0;15.2;15.3;23.4;42.6;122.0
23-03-2024 0:00;2;2;188;172;10.0;22.7;17.5;23.8;24.3;980.5;979.8;38.0;56.0;24.0;23.6;47.0;17.7;19.1;19.4;19.6;23.2;43.1;97.0
23-03-2024 3:00;1;1;187;171;7.7;22.5;16.5;23.7;23.4;978.8;978.0;38.0;39.0;23.5;23.1;38.5;13.3;14.3;14.5;14.7;23.1;42.8;74.0
23-03-2024 6:00;1;1;180;174;6.7;22.5;16.0;24.0;23.5;977.1;976.1;37.0;38.0;23.7;23.3;37.5;13.9;14.9;15.2;15.4;23.0;42.5;57.0
23-03-2024 9:00;2;2;179;147;12.2;22.5;18.0;24.3;23.8;975.6;974.8;38.0;39.0;24.0;23.5;38.5;13.0;13.9;14.0;14.1;23.0;43.1;44.0
23-03-2024 12:00;3;3;204;194;18.5;24.2;21.5;24.4;27.6;972.1;971.3;43.0;35.0;26.0;25.4;39.0;10.3;11.1;11.4;11.5;24.1;44.4;487.0
23-03-2024 15:00;2;2;198;174;18.2;25.5;22.2;25.8;27.0;970.7;969.8;40.0;39.0;26.4;26.1;39.5;20.4;25.7;29.3;30.9;25.9;44.3;307.0
23-03-2024 18:00;3;3;211;264;8.5;24.5;18.2;24.8;28.0;973.6;972.8;45.0;42.0;26.4;25.7;43.5;4.9;5.5;5.9;6.1;25.3;47.2;286.0
23-03-2024 21:00;1;1;217;200;5.0;24.2;16.2;24.8;26.2;976.2;975.4;49.0;46.0;25.5;25.0;47.5;4.5;5.3;5.7;5.9;24.8;50.6;247.0
24-03-2024 0:00;1;1;213;235;3.7;23.5;15.5;24.6;25.3;976.1;975.3;47.0;49.0;24.9;24.4;48.0;3.2;3.5;3.6;3.6;24.2;48.4;134.0
24-03-2024 3:00;1;1;199;203;2.5;23.0;14.7;24.4;24.8;974.9;974.1;43.0;43.0;24.5;24.0;43.0;2.7;2.9;2.9;2.9;23.6;47.1;91.0
24-03-2024 6:00;1;1;188;198;1.7;23.0;14.0;24.3;24.6;974.3;973.4;40.0;40.0;24.4;23.9;40.0;4.2;4.5;4.6;4.6;23.2;46.4;70.0
24-03-2024 9:00;1;1;183;190;4.2;22.7;15.0;24.3;24.4;974.9;974.1;39.0;38.0;24.3;23.8;38.5;5.3;5.6;5.6;5.6;23.1;45.1;48.0
24-03-2024 12:00;1;1;183;145;4.2;23.0;15.2;24.6;24.3;974.5;973.7;40.0;42.0;24.4;23.9;41.0;7.1;7.6;7.8;7.8;23.2;47.6;63.0
24-03-2024 15:00;1;1;203;168;7.7;23.7;17.2;25.7;24.5;973.1;972.3;38.0;41.0;25.1;24.6;39.5;6.6;7.2;7.5;7.6;24.0;47.9;92.0
24-03-2024 18:00;1;1;193;182;6.2;23.2;16.2;24.5;24.2;972.4;971.5;38.0;38.0;24.3;23.9;38.0;4.7;5.0;5.1;5.1;23.9;44.1;61.0
24-03-2024 21:00;1;1;195;168;4.0;23.2;15.2;24.7;24.3;972.8;971.9;37.0;37.0;24.5;24.0;37.0;7.0;7.6;7.8;7.9;23.4;43.1;52.0
25-03-2024 0:00;1;1;188;174;3.7;22.7;14.7;24.5;24.0;972.0;971.1;37.0;41.0;24.2;23.7;39.0;6.5;7.0;7.2;7.3;23.2;43.9;39.0
25-03-2024 3:00;1;1;182;173;3.0;22.5;14.5;24.2;23.9;971.4;970.6;37.0;38.0;24.0;23.5;37.5;4.1;4.5;4.6;4.7;22.8;44.4;44.0
25-03-2024 6:00;1;1;175;174;3.5;22.5;14.5;23.8;23.8;971.7;970.8;37.0;37.0;23.8;23.3;37.0;2.7;2.9;2.9;3.0;22.6;44.0;44.0
25-03-2024 9:00;1;1;184;158;5.2;22.5;15.2;24.3;24.2;972.7;971.9;36.0;40.0;24.2;23.6;38.0;6.6;8.8;10.3;11.1;22.6;44.1;209.0
25-03-2024 12:00;1;1;173;148;8.5;22.7;16.2;24.4;24.1;973.4;972.6;35.0;36.0;24.2;23.7;35.5;3.8;4.1;4.2;4.2;22.8;43.8;91.0
25-03-2024 15:00;1;1;172;145;8.0;23.0;16.5;24.6;24.0;973.9;973.1;34.0;35.0;24.3;23.8;34.5;2.5;2.7;2.8;2.8;23.3;41.8;51.0
25-03-2024 18:00;1;1;185;149;4.7;23.0;15.5;25.1;24.6;975.4;974.5;34.0;36.0;24.8;24.2;35.0;12.2;13.3;13.7;13.9;23.2;42.0;131.0
25-03-2024 21:00;1;1;187;189;0.5;23.0;13.5;24.6;24.0;976.8;976.0;35.0;37.0;24.3;23.8;36.0;9.8;10.5;10.7;10.7;23.1;43.7;79.0
26-03-2024 0:00;1;1;185;177;-1.0;22.5;12.7;23.7;23.8;977.5;976.6;37.0;40.0;23.7;23.3;38.5;24.2;26.3;27.1;27.5;22.8;42.5;75.0
26-03-2024 3:00;1;1;183;178;-2.2;22.2;12.2;23.8;23.7;977.6;976.7;36.0;37.0;23.7;23.2;36.5;15.4;16.5;16.8;16.9;22.3;43.7;75.0
26-03-2024 6:00;1;1;180;178;-2.7;22.0;11.7;23.9;23.9;977.5;976.6;40.0;37.0;23.9;23.2;38.5;13.3;14.3;14.5;14.7;22.1;42.7;37.0
26-03-2024 9:00;1;1;186;155;8.0;22.0;16.0;23.8;24.2;977.2;976.3;35.0;38.0;24.0;23.3;36.5;12.9;14.1;14.5;14.8;22.1;43.3;217.0
26-03-2024 12:00;2;2;178;153;14.0;23.5;18.7;24.6;24.1;975.7;974.8;33.0;37.0;24.3;24.0;35.0;4.9;5.2;5.2;5.2;23.1;42.7;123.0
26-03-2024 15:00;2;2;171;157;14.2;24.7;19.7;25.1;24.0;973.5;972.7;33.0;35.0;24.5;24.6;34.0;2.6;2.8;2.8;2.8;24.7;40.4;80.0
26-03-2024 18:00;2;2;178;146;10.0;24.0;18.0;25.3;23.9;971.7;970.9;34.0;36.0;24.5;24.4;35.0;10.8;11.5;11.6;11.7;24.4;39.2;37.0
26-03-2024 21:00;1;1;187;171;7.2;23.5;16.5;24.8;24.0;971.4;970.6;35.0;37.0;24.4;24.1;36.0;9.0;9.7;10.0;10.1;24.1;39.5;76.0
27-03-2024 0:00;1;1;179;165;4.0;23.0;15.0;24.2;23.8;970.5;969.6;36.0;41.0;24.0;23.6;38.5;7.5;8.0;8.1;8.2;23.6;40.4;43.0
27-03-2024 3:00;1;1;182;163;6.7;22.7;16.0;23.9;23.7;968.1;967.2;35.0;36.0;23.8;23.4;35.5;5.0;5.3;5.4;5.5;23.2;40.3;42.0
27-03-2024 6:00;1;1;181;169;6.0;22.5;15.5;24.1;23.7;967.1;966.3;33.0;34.0;23.9;23.4;33.5;3.7;3.9;4.0;4.0;22.9;40.7;54.0
27-03-2024 9:00;2;2;199;157;14.5;22.7;19.0;24.2;24.5;966.7;965.8;33.0;36.0;24.3;23.8;34.5;6.4;7.2;7.6;7.8;23.0;41.1;361.0
27-03-2024 12:00;2;2;179;157;18.0;23.7;21.0;24.4;23.9;966.5;965.6;33.0;35.0;24.1;24.0;34.0;3.6;4.0;4.1;4.1;23.7;40.9;168.0
27-03-2024 15:00;2;2;172;157;19.7;24.7;22.2;25.3;24.0;965.1;964.2;32.0;35.0;24.6;24.6;33.5;2.4;2.5;2.5;2.5;25.0;39.5;114.0
27-03-2024 18:00;2;2;178;166;14.5;24.2;20.0;24.9;24.0;964.4;963.5;33.0;36.0;24.4;24.3;34.5;2.3;2.4;2.5;2.5;25.0;38.7;153.0
27-03-2024 21:00;2;2;195;280;11.0;23.7;18.5;24.8;24.0;964.7;963.8;35.0;38.0;24.4;24.1;36.5;3.0;3.2;3.3;3.3;24.6;39.0;220.0
28-03-2024 0:00;2;2;188;193;10.0;23.5;17.7;24.3;23.9;962.9;962.1;39.0;45.0;24.0;23.9;42.0;4.8;5.1;5.1;5.1;24.2;41.3;117.0
28-03-2024 3:00;2;2;190;191;12.5;23.2;18.5;24.1;23.8;961.6;960.8;38.0;40.0;23.9;23.7;39.0;3.2;3.4;3.4;3.4;23.9;41.8;82.0
28-03-2024 6:00;2;2;183;187;11.7;23.0;18.2;24.2;23.9;960.4;959.6;37.0;38.0;24.0;23.6;37.5;3.2;3.4;3.4;3.4;23.8;41.8;66.0
28-03-2024 9:00;2;2;190;186;13.2;23.2;19.0;24.2;24.8;961.5;960.7;39.0;43.0;24.5;24.0;41.0;7.4;8.1;8.4;8.6;23.9;43.3;215.0
28-03-2024 12:00;2;2;188;263;13.5;23.5;19.2;24.9;24.2;963.9;963.0;36.0;40.0;24.5;24.2;38.0;2.9;3.1;3.2;3.2;24.2;42.5;93.0
28-03-2024 15:00;2;2;188;199;14.5;24.2;20.0;25.4;24.6;965.6;964.8;35.0;42.0;25.0;24.7;38.5;3.8;4.0;4.1;4.1;24.9;41.1;123.0
28-03-2024 18:00;2;2;192;188;12.5;24.2;19.0;26.0;24.2;966.7;965.9;34.0;43.0;25.1;24.8;38.5;2.4;2.5;2.5;2.6;25.2;40.5;279.0
28-03-2024 21:00;1;1;180;192;10.0;23.5;17.7;24.8;23.7;967.1;966.2;40.0;35.0;24.2;24.0;37.5;7.3;8.1;8.5;8.7;24.5;41.1;88.0
29-03-2024 0:00;1;1;194;203;6.7;23.2;16.2;24.9;23.8;971.1;970.3;36.0;41.0;24.3;23.9;38.5;6.0;6.9;7.3;7.5;24.2;41.1;62.0
29-03-2024 3:00;1;1;195;201;5.7;23.2;15.7;24.9;24.0;974.7;973.8;35.0;38.0;24.4;24.0;36.5;3.3;3.6;3.7;3.8;23.9;41.2;41.0
29-03-2024 6:00;1;1;206;202;4.7;23.0;15.2;24.8;24.2;976.6;975.8;34.0;36.0;24.5;24.0;35.0;2.3;2.4;2.4;2.5;23.5;42.0;55.0
29-03-2024 9:00;2;2;205;163;12.0;23.2;18.2;25.2;24.4;977.7;976.9;35.0;36.0;24.8;24.2;35.5;1.8;1.9;2.0;2.0;23.4;43.3;90.0
29-03-2024 12:00;3;3;172;271;15.7;24.7;20.5;25.0;27.8;977.5;976.7;37.0;33.0;26.4;25.8;35.0;1.9;2.4;2.8;2.9;24.3;40.8;98.0
29-03-2024 15:00;2;2;203;235;19.0;26.2;22.5;26.5;26.1;975.8;974.9;33.0;41.0;26.3;26.2;37.0;7.6;9.4;10.6;11.2;26.3;41.0;480.0
29-03-2024 18:00;2;2;201;198;15.2;25.5;20.7;25.8;25.5;976.0;975.2;39.0;42.0;25.6;25.6;40.5;3.6;4.0;4.1;4.2;26.3;43.9;287.0
29-03-2024 21:00;1;1;203;193;8.5;24.7;18.0;26.0;26.0;976.0;975.1;38.0;37.0;26.0;25.5;37.5;8.4;9.1;9.3;9.4;25.6;44.4;185.0
30-03-2024 0:00;1;1;186;195;6.5;24.0;16.5;24.8;25.1;976.0;975.2;38.0;38.0;24.9;24.6;38.0;11.6;12.5;12.8;12.9;24.9;42.4;86.0
30-03-2024 3:00;1;1;181;193;4.7;23.7;15.7;24.9;24.9;975.6;974.8;37.0;38.0;24.9;24.5;37.5;8.7;9.3;9.5;9.5;24.4;42.0;63.0
30-03-2024 6:00;1;1;175;196;3.5;23.5;15.0;24.9;24.9;976.1;975.2;36.0;37.0;24.9;24.4;36.5;6.9;7.3;7.3;7.3;24.1;41.8;57.0
30-03-2024 9:00;2;2;198;183;18.0;23.7;21.0;25.0;24.8;976.5;975.6;37.0;39.0;24.9;24.5;38.0;6.9;7.7;8.1;8.3;24.1;43.1;174.0
30-03-2024 12:00;3;3;183;182;23.2;24.7;23.5;25.2;24.6;975.7;974.8;36.0;38.0;24.9;24.8;37.0;4.8;5.8;6.3;6.6;24.7;41.8;95.0
30-03-2024 15:00;3;3;180;180;23.0;25.7;24.2;25.9;24.9;975.0;974.2;35.0;36.0;25.4;25.5;35.5;2.9;4.0;4.7;5.0;26.1;40.3;81.0
30-03-2024 18:00;2;2;171;169;18.2;25.2;22.2;25.7;24.6;974.4;973.5;34.0;36.0;25.1;25.1;35.0;2.8;4.0;5.0;5.5;26.0;39.2;52.0
30-03-2024 21:00;2;2;194;199;13.0;24.7;19.7;25.4;24.9;975.3;974.5;36.0;38.0;25.1;25.0;37.0;9.3;11.5;13.0;13.6;25.5;39.2;166.0
31-03-2024 0:00;2;2;189;196;10.0;24.2;18.2;25.4;24.3;974.9;974.1;36.0;44.0;24.8;24.6;40.0;7.5;8.5;9.1;9.3;25.3;40.8;76.0
31-03-2024 3:00;2;2;189;193;10.5;24.0;18.2;25.2;24.3;974.0;973.2;36.0;43.0;24.7;24.5;39.5;4.7;5.2;5.4;5.5;25.0;41.2;63.0
31-03-2024 6:00;2;2;192;194;13.5;23.7;19.5;25.0;24.4;973.5;972.6;36.0;41.0;24.7;24.3;38.5;3.1;3.4;3.6;3.7;24.7;41.0;50.0
31-03-2024 9:00;2;2;207;159;18.7;23.7;21.5;25.3;25.2;972.9;972.0;38.0;43.0;25.2;24.7;40.5;5.7;6.2;6.4;6.5;24.5;43.2;113.0
31-03-2024 12:00;3;3;206;186;23.5;24.7;23.7;25.7;24.9;972.7;971.9;36.0;42.0;25.3;25.1;39.0;3.9;4.4;4.7;4.8;25.1;42.3;192.0
31-03-2024 15:00;3;3;187;179;23.2;25.7;24.2;27.5;24.4;971.9;971.1;33.0;37.0;25.9;25.8;35.0;6.7;14.4;20.4;23.3;26.2;39.4;144.0
31-03-2024 18:00;3;3;197;180;21.0;25.5;23.5;26.3;24.6;971.3;970.5;31.0;38.0;25.4;25.4;34.5;4.9;9.5;13.1;14.8;26.3;39.4;149.0
31-03-2024 21:00;2;2;208;254;18.7;25.2;22.5;26.4;24.6;971.7;970.8;27.0;36.0;25.5;25.4;31.5;7.7;11.7;14.7;16.1;26.3;37.9;428.0
01-04-2024 0:00;2;2;194;194;16.5;24.7;21.2;25.9;24.7;971.8;971.0;38.0;47.0;25.3;25.1;42.5;5.0;8.2;10.5;11.6;25.9;39.4;141.0
01-04-2024 3:00;1;1;191;200;8.7;24.5;18.0;25.6;24.2;971.7;970.9;40.0;46.0;24.9;24.7;43.0;3.0;4.1;5.0;5.3;25.6;42.4;139.0
01-04-2024 6:00;1;1;198;199;7.7;24.0;17.0;25.2;24.3;971.3;970.6;39.0;43.0;24.7;24.5;41.0;3.0;3.6;4.0;4.2;24.9;43.0;92.0
01-04-2024 9:00;2;2;192;202;17.2;24.0;20.7;25.1;25.0;970.4;969.6;38.0;41.0;25.0;24.6;39.5;5.2;7.3;8.9;9.6;24.8;43.8;60.0
01-04-2024 12:00;3;3;180;170;22.5;25.0;23.7;25.9;24.7;968.4;967.7;37.0;43.0;25.3;25.2;40.0;7.1;12.6;16.9;19.0;25.4;43.5;27.0
01-04-2024 15:00;2;2;183;173;23.5;25.5;24.2;26.3;24.7;967.8;967.0;37.0;41.0;25.5;25.5;39.0;12.5;13.7;14.1;14.4;26.1;42.2;53.0
01-04-2024 18:00;2;2;168;163;23.7;25.7;24.7;26.2;24.9;966.7;965.9;32.0;36.0;25.5;25.6;34.0;8.8;15.0;19.7;21.9;26.6;39.0;33.0
01-04-2024 21:00;2;2;193;176;17.7;25.2;22.2;26.0;24.7;967.4;966.6;38.0;48.0;25.3;25.3;43.0;5.6;9.3;12.1;13.4;26.4;40.9;77.0
02-04-2024 0:00;2;2;193;181;15.5;25.0;21.0;25.5;24.5;968.4;967.6;40.0;42.0;25.0;25.0;41.0;4.6;5.7;6.4;6.7;26.1;41.9;80.0
02-04-2024 3:00;1;1;191;187;11.2;24.7;19.0;25.6;24.5;968.6;967.8;38.0;44.0;25.0;24.9;41.0;2.0;2.2;2.2;2.2;25.7;42.4;68.0
02-04-2024 6:00;1;1;188;191;8.7;24.5;17.7;25.4;24.6;969.1;968.3;38.0;45.0;25.0;24.8;41.5;0.8;0.9;0.9;0.9;25.3;43.2;58.0
02-04-2024 9:00;1;1;176;169;7.7;24.0;17.2;25.1;24.9;971.2;970.4;38.0;42.0;25.0;24.6;40.0;1.7;1.8;1.8;1.8;25.0;43.2;46.0
02-04-2024 12:00;1;1;161;140;9.2;23.7;17.7;24.9;24.4;973.2;972.4;34.0;37.0;24.6;24.3;35.5;15.8;20.3;23.4;24.8;24.7;43.4;31.0
02-04-2024 15:00;1;1;166;162;11.7;24.0;18.7;25.4;25.2;974.3;973.5;37.0;37.0;25.3;24.8;37.0;3.9;4.1;4.1;4.1;24.8;43.5;41.0
02-04-2024 18:00;1;1;193;185;10.0;24.2;18.2;25.9;25.5;974.8;974.0;38.0;43.0;25.7;25.1;40.5;2.8;2.9;2.9;2.9;24.9;43.8;178.0
02-04-2024 21:00;1;1;214;181;9.0;24.2;17.7;25.5;24.7;976.4;975.6;37.0;41.0;25.1;24.8;39.0;15.7;18.1;19.4;20.1;24.9;43.8;297.0
03-04-2024 0:00;1;1;190;186;8.2;23.7;17.0;25.0;24.5;976.6;975.8;38.0;43.0;24.7;24.4;40.5;5.2;5.5;5.6;5.6;24.4;43.5;116.0
03-04-2024 3:00;1;1;184;184;7.5;23.5;16.7;24.7;24.3;977.1;976.3;38.0;40.0;24.5;24.1;39.0;2.7;2.9;3.0;3.0;24.1;43.3;86.0
03-04-2024 6:00;1;1;182;186;7.7;23.2;16.7;24.7;24.4;976.6;975.8;37.0;38.0;24.5;24.1;37.5;1.3;1.4;1.4;1.4;23.9;43.0;61.0
03-04-2024 9:00;1;1;192;180;10.5;23.2;17.7;24.9;24.8;977.1;976.4;38.0;44.0;24.8;24.2;41.0;3.0;3.5;3.9;4.1;23.8;45.5;342.0
03-04-2024 12:00;1;1;177;169;14.2;23.7;19.2;25.0;24.3;977.3;976.4;35.0;38.0;24.6;24.3;36.5;3.3;5.1;6.4;7.0;23.9;42.4;113.0
03-04-2024 15:00;1;1;176;160;14.7;24.0;20.0;24.8;24.2;977.8;976.9;36.0;41.0;24.5;24.3;38.5;1.5;1.7;1.8;1.8;24.4;41.6;89.0
03-04-2024 18:00;1;1;191;161;14.7;24.0;20.0;26.0;24.1;978.5;977.7;38.0;37.0;25.0;24.6;37.5;3.6;3.9;3.9;4.0;24.7;43.1;367.0
03-04-2024 21:00;1;1;191;174;11.7;24.0;18.7;25.3;24.1;980.5;979.7;39.0;41.0;24.7;24.4;40.0;3.1;3.4;3.5;3.5;24.8;42.6;152.0
04-04-2024 0:00;1;1;189;180;10.2;23.5;18.0;25.0;23.9;981.2;980.5;38.0;46.0;24.4;24.1;42.0;2.9;3.1;3.2;3.2;24.4;43.2;78.0
04-04-2024 3:00;1;1;181;181;9.0;23.2;17.2;24.4;24.0;981.1;980.3;39.0;42.0;24.2;23.8;40.5;2.4;2.5;2.6;2.6;24.1;43.4;59.0
04-04-2024 6:00;1;1;179;184;8.0;23.2;16.7;24.5;24.0;981.1;980.3;38.0;41.0;24.2;23.9;39.5;3.4;3.6;3.6;3.7;24.0;43.4;49.0
04-04-2024 9:00;1;1;193;188;12.5;23.2;18.5;24.3;24.4;981.8;981.0;40.0;43.0;24.3;23.9;41.5;7.0;7.5;7.7;7.7;24.0;44.9;206.0
04-04-2024 12:00;2;2;180;182;15.0;23.7;19.7;25.0;24.1;982.2;981.4;37.0;41.0;24.5;24.2;39.0;3.5;3.7;3.8;3.8;24.1;44.3;112.0
04-04-2024 15:00;2;2;180;162;15.0;24.2;20.2;25.3;24.0;982.3;981.4;39.0;41.0;24.6;24.5;40.0;2.1;2.3;2.4;2.4;24.6;44.5;168.0
04-04-2024 18:00;2;2;174;178;15.5;24.0;20.5;25.1;24.2;981.6;980.8;36.0;42.0;24.6;24.4;39.0;3.0;3.3;3.4;3.4;24.9;43.0;74.0
04-04-2024 21:00;1;1;186;185;13.2;23.7;19.2;24.7;24.0;982.7;981.9;38.0;39.0;24.3;24.1;38.5;10.3;11.0;11.2;11.3;24.6;42.3;165.0
05-04-2024 0:00;1;1;183;187;11.2;23.5;18.2;24.5;24.0;982.4;981.7;42.0;48.0;24.2;24.0;45.0;5.2;5.5;5.5;5.5;24.5;44.9;82.0
05-04-2024 3:00;1;1;181;188;10.0;23.5;17.7;24.4;23.9;983.5;982.6;40.0;43.0;24.1;23.9;41.5;2.5;2.7;2.7;2.7;24.2;44.9;57.0
05-04-2024 6:00;1;1;183;191;9.0;23.2;17.0;24.3;24.1;985.0;984.1;40.0;41.0;24.2;23.8;40.5;1.3;1.4;1.4;1.4;24.0;44.5;49.0
05-04-2024 9:00;1;1;189;185;12.2;23.2;18.5;24.3;24.1;986.6;985.7;39.0;43.0;24.2;23.8;41.0;4.6;5.4;5.8;6.0;23.8;44.3;212.0
05-04-2024 12:00;2;2;177;173;15.7;23.7;20.0;24.6;23.9;987.0;986.2;39.0;42.0;24.2;24.0;40.5;1.5;1.6;1.6;1.6;24.2;44.0;98.0
05-04-2024 15:00;2;2;174;178;17.5;24.5;21.0;24.6;24.0;986.9;986.0;41.0;44.0;24.3;24.3;42.5;1.6;1.8;1.9;1.9;25.0;43.6;87.0
05-04-2024 18:00;2;2;168;178;17.2;24.7;21.2;25.5;24.6;985.9;985.1;38.0;44.0;25.0;24.9;41.0;1.7;1.8;1.8;1.8;25.5;43.2;53.0
05-04-2024 21:00;1;1;178;329;11.2;24.2;18.5;25.6;24.3;985.6;984.8;40.0;45.0;24.9;24.7;42.5;5.0;5.4;5.5;5.6;25.2;42.8;62.0
06-04-2024 0:00;1;1;185;233;11.5;23.7;18.5;24.8;24.0;984.7;983.8;38.0;43.0;24.4;24.1;40.5;10.7;11.7;12.1;12.3;24.8;43.2;73.0
06-04-2024 3:00;1;1;175;220;13.7;23.5;19.2;24.6;24.0;984.0;983.1;39.0;41.0;24.3;24.0;40.0;7.3;7.8;7.9;8.0;24.5;43.2;60.0
06-04-2024 6:00;1;1;184;214;13.7;23.5;19.5;24.9;24.1;985.5;984.6;38.0;41.0;24.5;24.1;39.5;4.3;4.5;4.5;4.5;24.3;44.2;78.0
06-04-2024 9:00;2;2;182;171;15.5;23.5;20.0;24.8;24.1;987.4;986.6;39.0;41.0;24.4;24.1;40.0;4.6;4.9;5.0;5.0;24.3;44.8;39.0
06-04-2024 12:00;2;2;178;298;18.7;24.0;20.5;24.7;24.5;987.6;986.7;41.0;43.0;24.6;24.4;42.0;2.9;3.0;3.0;3.0;24.6;45.1;232.0
06-04-2024 15:00;3;3;203;208;19.7;25.2;21.7;26.0;28.6;987.0;986.2;40.0;36.0;27.3;26.6;38.0;5.4;6.1;6.4;6.6;25.6;47.1;496.0
06-04-2024 18:00;3;3;196;202;19.5;25.2;21.5;25.9;27.2;987.2;986.4;41.0;42.0;26.5;26.1;41.5;3.0;3.1;3.1;3.1;25.9;45.8;316.0
06-04-2024 21:00;3;3;224;212;11.7;25.2;16.7;25.9;27.4;988.1;987.4;48.0;53.0;26.6;26.1;50.5;3.9;4.4;4.6;4.7;26.3;50.5;341.0
07-04-2024 0:00;1;1;215;211;9.5;24.5;15.2;25.6;25.7;988.7;988.0;47.0;48.0;25.6;25.2;47.5;15.5;16.4;16.6;16.7;25.6;49.8;191.0
07-04-2024 3:00;1;1;203;210;7.5;24.0;13.7;24.8;25.0;989.0;988.3;45.0;45.0;24.9;24.6;45.0;12.0;12.7;12.9;12.9;24.8;49.2;137.0
07-04-2024 6:00;1;1;194;208;5.7;23.5;12.5;24.7;24.8;988.8;988.0;42.0;41.0;24.7;24.3;41.5;9.6;10.2;10.4;10.4;24.4;47.8;97.0
07-04-2024 9:00;2;2;182;159;16.2;23.7;18.5;25.2;24.9;989.4;988.6;42.0;44.0;25.0;24.6;43.0;14.1;15.2;15.5;15.6;24.1;48.0;61.0
07-04-2024 12:00;2;2;196;214;23.7;25.0;23.7;25.6;25.2;989.0;988.3;46.0;59.0;25.4;25.2;52.5;7.5;8.1;8.2;8.3;25.0;49.1;155.0
07-04-2024 15:00;3;3;173;169;26.5;27.5;26.2;27.8;25.5;987.7;986.9;39.0;44.0;26.6;26.9;41.5;4.3;4.5;4.5;4.5;27.2;43.9;52.0
07-04-2024 18:00;3;3;173;164;25.7;28.0;26.0;27.8;25.6;987.0;986.3;36.0;45.0;26.7;27.1;40.5;3.4;3.6;3.6;3.6;28.6;40.9;71.0
07-04-2024 21:00;3;3;173;184;17.2;27.0;20.7;27.2;25.6;987.8;987.0;39.0;44.0;26.4;26.6;41.5;4.8;5.0;5.0;5.0;27.9;42.5;62.0
08-04-2024 0:00;1;1;178;190;13.5;26.2;18.2;26.8;25.1;987.4;986.7;41.0;50.0;25.9;26.0;45.5;7.3;7.8;7.9;8.0;27.2;44.4;64.0
08-04-2024 3:00;1;1;176;192;11.0;25.5;16.2;26.2;24.9;987.1;986.4;40.0;46.0;25.5;25.5;43.0;6.1;6.4;6.4;6.5;26.4;45.3;66.0
08-04-2024 6:00;1;1;172;190;9.2;24.7;15.0;25.7;24.9;986.4;985.7;40.0;44.0;25.3;25.1;42.0;4.4;4.6;4.6;4.6;25.7;45.3;56.0
08-04-2024 9:00;2;2;177;179;19.5;24.7;21.0;25.8;25.7;986.4;985.7;40.0;46.0;25.7;25.4;43.0;9.1;9.5;9.5;9.5;25.5;46.1;194.0
08-04-2024 12:00;3;3;161;184;25.5;26.0;25.0;26.6;25.0;985.6;984.9;38.0;42.0;25.8;25.8;40.0;4.6;4.8;4.8;4.8;26.0;45.5;61.0
08-04-2024 15:00;3;3;162;186;27.5;27.5;26.7;26.5;25.3;984.3;983.6;38.0;40.0;25.9;26.4;39.0;3.3;3.5;3.5;3.5;27.4;42.9;47.0
08-04-2024 18:00;3;3;182;173;25.5;28.0;25.7;27.4;25.9;983.5;982.7;39.0;41.0;26.6;27.1;40.0;3.1;3.2;3.2;3.2;28.4;41.6;131.0
08-04-2024 21:00;2;2;173;180;16.7;27.0;20.2;26.1;25.3;983.4;982.8;42.0;46.0;25.7;26.1;44.0;9.8;10.4;10.5;10.5;28.0;42.6;75.0
09-04-2024 0:00;1;1;174;187;13.2;26.2;18.0;26.7;25.2;983.5;982.8;40.0;54.0;25.9;26.0;47.0;9.2;9.9;10.2;10.3;27.2;43.9;60.0
09-04-2024 3:00;1;1;171;192;9.5;25.5;15.5;26.5;25.0;982.7;982.1;39.0;46.0;25.7;25.6;42.5;7.4;7.7;7.8;7.8;26.4;44.3;71.0
09-04-2024 6:00;1;1;177;193;7.5;25.0;14.0;25.8;25.0;982.4;981.8;38.0;42.0;25.4;25.2;40.0;6.6;6.9;7.0;7.0;25.7;44.2;62.0
09-04-2024 9:00;2;2;173;184;18.7;24.7;20.5;26.0;25.4;982.0;981.4;38.0;47.0;25.7;25.3;42.5;8.5;9.0;9.0;9.0;25.4;44.7;235.0
09-04-2024 12:00;3;3;164;170;26.2;26.0;25.5;26.4;25.0;981.1;980.4;37.0;42.0;25.7;25.8;39.5;3.8;4.0;4.1;4.1;25.9;43.4;112.0
09-04-2024 15:00;3;3;169;160;28.0;27.7;27.0;26.8;25.3;979.3;978.7;38.0;45.0;26.0;26.6;41.5;2.9;3.0;3.0;3.0;27.5;41.9;118.0
09-04-2024 18:00;3;3;172;181;25.0;28.0;25.7;27.2;25.7;979.1;978.4;39.0;42.0;26.4;26.9;40.5;2.7;2.9;2.9;2.9;28.4;40.9;113.0
09-04-2024 21:00;2;2;181;197;18.7;27.2;21.7;26.9;25.4;980.9;980.2;34.0;41.0;26.1;26.5;37.5;10.5;13.6;15.8;16.8;28.7;40.9;69.0
10-04-2024 0:00;1;1;168;180;12.2;26.5;17.2;26.8;25.2;982.3;981.6;37.0;49.0;26.0;26.1;43.0;8.0;8.5;8.5;8.6;27.8;40.6;25.0
10-04-2024 3:00;1;1;170;186;11.5;25.7;16.7;26.6;25.1;983.4;982.7;38.0;46.0;25.8;25.8;42.0;7.3;7.8;7.8;7.8;26.7;43.1;42.0
10-04-2024 6:00;1;1;170;182;14.7;25.2;18.5;25.9;25.0;986.0;985.3;39.0;45.0;25.4;25.3;42.0;4.4;4.7;4.7;4.8;26.2;44.1;50.0
10-04-2024 9:00;1;1;174;178;11.7;25.0;16.7;26.3;25.4;990.1;989.5;38.0;45.0;25.8;25.5;41.5;6.7;7.0;7.0;7.0;26.0;44.4;176.0
10-04-2024 12:00;1;1;166;170;12.0;24.7;16.7;26.1;24.9;992.8;992.1;36.0;40.0;25.5;25.2;38.0;3.8;4.0;4.0;4.0;25.6;43.2;72.0
10-04-2024 15:00;1;1;163;165;12.2;24.5;16.7;25.5;24.8;994.2;993.5;37.0;39.0;25.1;24.9;38.0;2.6;2.7;2.7;2.7;25.5;42.6;52.0
10-04-2024 18:00;1;1;171;176;12.0;24.2;16.5;25.6;24.6;995.7;995.0;34.0;38.0;25.1;24.8;36.0;3.0;3.1;3.1;3.1;25.2;41.3;68.0
10-04-2024 21:00;1;1;178;227;10.7;24.2;16.0;25.6;26.1;998.3;997.7;38.0;79.0;25.8;25.3;58.5;2.6;2.8;2.8;2.8;25.1;42.2;122.0
